{
    "name": "root",
    "gauges": {
        "MyBehavior.Policy.Entropy.mean": {
            "value": 2.9409728050231934,
            "min": 2.2277047634124756,
            "max": 2.9409728050231934,
            "count": 3
        },
        "MyBehavior.Policy.Entropy.sum": {
            "value": 147304.5,
            "min": 111374.09375,
            "max": 147304.5,
            "count": 3
        },
        "MyBehavior.Environment.EpisodeLength.mean": {
            "value": 24.73215216258468,
            "min": 13.857100415923945,
            "max": 24.73215216258468,
            "count": 3
        },
        "MyBehavior.Environment.EpisodeLength.sum": {
            "value": 47461.0,
            "min": 46569.0,
            "max": 47461.0,
            "count": 3
        },
        "MyBehavior.Step.mean": {
            "value": 149999.0,
            "min": 49996.0,
            "max": 149999.0,
            "count": 3
        },
        "MyBehavior.Step.sum": {
            "value": 149999.0,
            "min": 49996.0,
            "max": 149999.0,
            "count": 3
        },
        "MyBehavior.Policy.ExtrinsicValueEstimate.mean": {
            "value": -0.8555298447608948,
            "min": -0.9026996493339539,
            "max": 10.096930503845215,
            "count": 3
        },
        "MyBehavior.Policy.ExtrinsicValueEstimate.sum": {
            "value": -1827.4117431640625,
            "min": -3018.627685546875,
            "max": 34067.04296875,
            "count": 3
        },
        "MyBehavior.Environment.CumulativeReward.mean": {
            "value": -0.9947889525794684,
            "min": -1.0,
            "max": -0.9947889525794684,
            "count": 3
        },
        "MyBehavior.Environment.CumulativeReward.sum": {
            "value": -1909.0,
            "min": -3365.0,
            "max": -1909.0,
            "count": 3
        },
        "MyBehavior.Policy.ExtrinsicReward.mean": {
            "value": -0.9947889525794684,
            "min": -1.0,
            "max": -0.9947889525794684,
            "count": 3
        },
        "MyBehavior.Policy.ExtrinsicReward.sum": {
            "value": -1909.0,
            "min": -3365.0,
            "max": -1909.0,
            "count": 3
        },
        "MyBehavior.Losses.PolicyLoss.mean": {
            "value": 0.02515948456324016,
            "min": 0.02515948456324016,
            "max": 0.029270385570513705,
            "count": 3
        },
        "MyBehavior.Losses.PolicyLoss.sum": {
            "value": 0.1257974228162008,
            "min": 0.11708154228205482,
            "max": 0.1441481284991217,
            "count": 3
        },
        "MyBehavior.Losses.ValueLoss.mean": {
            "value": 0.00309864181074469,
            "min": 0.00309864181074469,
            "max": 33.979820332303646,
            "count": 3
        },
        "MyBehavior.Losses.ValueLoss.sum": {
            "value": 0.01549320905372345,
            "min": 0.01549320905372345,
            "max": 135.91928132921458,
            "count": 3
        },
        "MyBehavior.Policy.LearningRate.mean": {
            "value": 0.00022620050459983996,
            "min": 0.00022620050459983996,
            "max": 0.0002846248551250499,
            "count": 3
        },
        "MyBehavior.Policy.LearningRate.sum": {
            "value": 0.0011310025229991998,
            "min": 0.0011310025229991998,
            "max": 0.0012847968717343997,
            "count": 3
        },
        "MyBehavior.Policy.Epsilon.mean": {
            "value": 0.17540015999999997,
            "min": 0.17540015999999997,
            "max": 0.19487495000000005,
            "count": 3
        },
        "MyBehavior.Policy.Epsilon.sum": {
            "value": 0.8770007999999999,
            "min": 0.7794998000000002,
            "max": 0.9282655999999999,
            "count": 3
        },
        "MyBehavior.Policy.Beta.mean": {
            "value": 0.0037724679840000002,
            "min": 0.0037724679840000002,
            "max": 0.004744260005,
            "count": 3
        },
        "MyBehavior.Policy.Beta.sum": {
            "value": 0.018862339920000002,
            "min": 0.018862339920000002,
            "max": 0.02142045344,
            "count": 3
        },
        "MyBehavior.IsTraining.mean": {
            "value": 1.0,
            "min": 1.0,
            "max": 1.0,
            "count": 3
        },
        "MyBehavior.IsTraining.sum": {
            "value": 1.0,
            "min": 1.0,
            "max": 1.0,
            "count": 3
        }
    },
    "metadata": {
        "timer_format_version": "0.1.0",
        "start_time_seconds": "1732487414",
        "python_version": "3.10.12 | packaged by Anaconda, Inc. | (main, Jul  5 2023, 19:01:18) [MSC v.1916 64 bit (AMD64)]",
        "command_line_arguments": "C:\\Users\\Acer\\anaconda3\\envs\\UnityML\\Scripts\\mlagents-learn --run-id to_delete_1 --force",
        "mlagents_version": "1.0.0",
        "mlagents_envs_version": "1.0.0",
        "communication_protocol_version": "1.5.0",
        "pytorch_version": "2.5.1+cpu",
        "numpy_version": "1.21.2",
        "end_time_seconds": "1732487963"
    },
    "total": 548.6910492999014,
    "count": 1,
    "self": 0.007484099944122136,
    "children": {
        "run_training.setup": {
            "total": 0.04107309994287789,
            "count": 1,
            "self": 0.04107309994287789
        },
        "TrainerController.start_learning": {
            "total": 548.6424921000144,
            "count": 1,
            "self": 1.2382101975381374,
            "children": {
                "TrainerController._reset_env": {
                    "total": 13.233387899934314,
                    "count": 1,
                    "self": 13.233387899934314
                },
                "TrainerController.advance": {
                    "total": 533.9244024025975,
                    "count": 49486,
                    "self": 1.185174220125191,
                    "children": {
                        "env_step": {
                            "total": 472.57147259952035,
                            "count": 49486,
                            "self": 382.078626007773,
                            "children": {
                                "SubprocessEnvManager._take_step": {
                                    "total": 89.69664100266527,
                                    "count": 49489,
                                    "self": 2.7596294129034504,
                                    "children": {
                                        "TorchPolicy.evaluate": {
                                            "total": 86.93701158976182,
                                            "count": 43019,
                                            "self": 86.93701158976182
                                        }
                                    }
                                },
                                "workers": {
                                    "total": 0.796205589082092,
                                    "count": 49485,
                                    "self": 0.0,
                                    "children": {
                                        "worker_root": {
                                            "total": 416.84156560571864,
                                            "count": 49485,
                                            "is_parallel": true,
                                            "self": 209.3918334870832,
                                            "children": {
                                                "steps_from_proto": {
                                                    "total": 0.01124250004068017,
                                                    "count": 4,
                                                    "is_parallel": true,
                                                    "self": 0.0038386000087484717,