{"count":1,"self":200.4780032,"total":844.2658642,"children":{"InitializeActuators":{"count":1,"self":0.0010088,"total":0.0010088,"children":null},"InitializeSensors":{"count":1,"self":0.0019990999999999997,"total":0.0019990999999999997,"children":null},"AgentSendState":{"count":653501,"self":133.3892096,"total":137.8983796,"children":{"CollectObservations":{"count":130701,"self":0.37077499999999997,"total":0.37077499999999997,"children":null},"WriteActionMask":{"count":130701,"self":0.1763978,"total":0.1763978,"children":null},"RequestDecision":{"count":130701,"self":0.6538143,"total":3.9619956,"children":{"AgentInfo.ToProto":{"count":130701,"self":0.6446326,"total":3.3081812999999998,"children":{"GenerateSensorData":{"count":130701,"self":2.1963412,"total":2.6635486999999998,"children":{"RayPerceptionSensor.Perceive":{"count":130701,"self":0.4672074,"total":0.4672074,"children":null}}}}}}}}},"DecideAction":{"count":653501,"self":503.056896,"total":503.05691959999996,"children":null},"AgentAct":{"count":653501,"self":2.8285492,"total":2.8285491,"children":null},"AgentInfo.ToProto":{"count":52,"self":0,"total":0.0010004999999999999,"children":{"GenerateSensorData":{"count":52,"self":0,"total":0.0010004999999999999,"children":{"RayPerceptionSensor.Perceive":{"count":52,"self":0.0010004999999999999,"total":0.0010004999999999999,"children":null}}}}}},"gauges":{"MoveToGoal.CumulativeReward":{"count":52,"max":208.525558,"min":-2.891446,"runningAverage":119.825874,"value":207.675125,"weightedAverage":150.455475}},"metadata":{"timer_format_version":"0.1.0","start_time_seconds":"1738255701","unity_version":"2022.3.43f1","command_line_arguments":"C:\\Program Files\\Unity\\Hub\\Editor\\2022.3.43f1\\Editor\\Unity.exe -projectpath C:\\Users\\Acer\\Documents\\GitHub\\HitmAIn\\HitmAIn -useHub -hubIPC -cloudEnvironment production -licensingIpc LicenseClient-p79AzkbOX-gAa1DzUpkVR -hubSessionId fa181515-b159-4ad9-b6c6-54af72b20ac6 -accessToken KnFZ5-2M0rI_idRVu5kpgq8AgEqnbqvBlkyabeeIPtc012f","communication_protocol_version":"1.5.0","com.unity.ml-agents_version":"2.0.1","scene_name":"DecoratedMap","end_time_seconds":"1738256546"}}