{"count":1,"self":421.48208639999996,"total":1435.6689158,"children":{"InitializeActuators":{"count":1,"self":0.0018950999999999998,"total":0.0018950999999999998,"children":null},"InitializeSensors":{"count":1,"self":0.0020003,"total":0.0020003,"children":null},"AgentSendState":{"count":601584,"self":493.7258496,"total":498.79771669999997,"children":{"CollectObservations":{"count":120317,"self":0.57508019999999993,"total":0.57508019999999993,"children":null},"WriteActionMask":{"count":120317,"self":0.1816817,"total":0.1816817,"children":null},"RequestDecision":{"count":120317,"self":0.77769499999999991,"total":4.3151174,"children":{"AgentInfo.ToProto":{"count":120317,"self":0.8178839,"total":3.5374223999999996,"children":{"GenerateSensorData":{"count":120317,"self":2.2750315999999997,"total":2.7195385,"children":{"RayPerceptionSensor.Perceive":{"count":120317,"self":0.4445068,"total":0.4445068,"children":null}}}}}}}}},"DecideAction":{"count":601584,"self":512.76083199999994,"total":512.7608192,"children":null},"AgentAct":{"count":601584,"self":2.6184116,"total":2.6184114999999997,"children":null},"AgentInfo.ToProto":{"count":177,"self":0,"total":0.0059971,"children":{"GenerateSensorData":{"count":177,"self":0.0030115999999999997,"total":0.0059971,"children":{"RayPerceptionSensor.Perceive":{"count":177,"self":0.0029855,"total":0.0029855,"children":null}}}}}},"gauges":{"MoveToGoal.CumulativeReward":{"count":177,"max":704.286743,"min":-0.7014637,"runningAverage":244.748154,"value":704.2268,"weightedAverage":700.791748}},"metadata":{"timer_format_version":"0.1.0","start_time_seconds":"1737641431","unity_version":"2022.3.43f1","command_line_arguments":"C:\\Program Files\\Unity\\Hub\\Editor\\2022.3.43f1\\Editor\\Unity.exe -projectpath C:\\Users\\Acer\\Documents\\GitHub\\HitmAIn\\HitmAIn -useHub -hubIPC -cloudEnvironment production -licensingIpc LicenseClient-Acer -hubSessionId ef362032-114c-4207-a157-082d53e65ed6 -accessToken zrNexUQ-XXJva-tpwazoQ7skOsvONEAqGsEDSjJCQgc012f","communication_protocol_version":"1.5.0","com.unity.ml-agents_version":"2.0.1","scene_name":"SampleScene","end_time_seconds":"1737642867"}}