{"count":1,"self":300.6030848,"total":4245.7760581,"children":{"InitializeActuators":{"count":1,"self":0.0010003,"total":0.0010003,"children":null},"InitializeSensors":{"count":1,"self":0.0019998999999999998,"total":0.0019998999999999998,"children":null},"AgentSendState":{"count":2363417,"self":1998.6649088,"total":2015.9956167999999,"children":{"CollectObservations":{"count":472684,"self":1.8723083999999999,"total":1.8723083999999999,"children":null},"WriteActionMask":{"count":472684,"self":0.64488309999999993,"total":0.64488309999999993,"children":null},"RequestDecision":{"count":472684,"self":2.5592496,"total":14.8135131,"children":{"AgentInfo.ToProto":{"count":472684,"self":2.8236328,"total":12.254263499999999,"children":{"GenerateSensorData":{"count":472684,"self":7.7491303999999994,"total":9.4306307,"children":{"RayPerceptionSensor.Perceive":{"count":472684,"self":1.6815,"total":1.6815,"children":null}}}}}}}}},"DecideAction":{"count":2363417,"self":1918.7173375999998,"total":1918.7174074,"children":null},"AgentAct":{"count":2363417,"self":10.4499424,"total":10.449942799999999,"children":null},"AgentInfo.ToProto":{"count":158,"self":0.0030011,"total":0.0059999,"children":{"GenerateSensorData":{"count":158,"self":0.0019978,"total":0.0029988,"children":{"RayPerceptionSensor.Perceive":{"count":158,"self":0.001001,"total":0.001001,"children":null}}}}}},"gauges":{"MoveToGoal.CumulativeReward":{"count":158,"max":728.5241,"min":-2.49170113,"runningAverage":245.973923,"value":19.5737972,"weightedAverage":24.5393524}},"metadata":{"timer_format_version":"0.1.0","start_time_seconds":"1738320073","unity_version":"2022.3.43f1","command_line_arguments":"C:\\Program Files\\Unity\\Hub\\Editor\\2022.3.43f1\\Editor\\Unity.exe -projectpath C:\\Users\\Acer\\Documents\\GitHub\\HitmAIn\\HitmAIn -useHub -hubIPC -cloudEnvironment production -licensingIpc LicenseClient-p79AzkbOX-gAa1DzUpkVR -hubSessionId fa181515-b159-4ad9-b6c6-54af72b20ac6 -accessToken UhPYadf5dZYlGv9GikKwCfgYPS5764MVMLixpgjsRo8012f","communication_protocol_version":"1.5.0","com.unity.ml-agents_version":"2.0.1","scene_name":"SampleScene","end_time_seconds":"1738324319"}}